snapshot_date,snapshot_period,day,publish_date,views
2026-09-04,下午,1,2026-08-27,100
2026-09-04,下午,2,2026-08-28,122
2026-09-04,下午,3,2026-08-29,86
2026-09-04,下午,4,2026-08-30,101
2026-09-04,下午,5,2026-08-31,110
2026-09-04,下午,6,2026-09-01,74
2026-09-04,下午,7,2026-09-02,77
2026-09-04,下午,8,2026-09-03,58
2026-09-05,上午,1,2026-08-27,105
2026-09-05,上午,2,2026-08-28,123
2026-09-05,上午,3,2026-08-29,88
2026-09-05,上午,4,2026-08-30,107
2026-09-05,上午,5,2026-08-31,116
2026-09-05,上午,6,2026-09-01,80
2026-09-05,上午,7,2026-09-02,82
2026-09-05,上午,8,2026-09-03,65
2026-09-05,上午,9,2026-09-04,47
2026-09-06,不明,1,2026-08-27,107
2026-09-06,不明,2,2026-08-28,127
2026-09-06,不明,3,2026-08-29,91
2026-09-06,不明,4,2026-08-30,111
2026-09-06,不明,5,2026-08-31,124
2026-09-06,不明,6,2026-09-01,87
2026-09-06,不明,7,2026-09-02,87
2026-09-06,不明,8,2026-09-03,69
2026-09-06,不明,9,2026-09-04,54
2026-09-06,不明,10,2026-09-05,49
